ğŸ˜€,Faces
ğŸ˜ƒ,Faces
ğŸ˜„,Faces
ğŸ˜,Faces
ğŸ˜†,Faces
ğŸ˜…,Faces
ğŸ˜‚,Faces
ğŸ™‚,Faces
ğŸ™ƒ,Faces
ğŸ˜‰,Faces
ğŸ˜Š,Faces
ğŸ˜‡,Faces
ğŸ˜,Faces
ğŸ˜˜,Faces
ğŸ˜—,Faces
â˜ºï¸,Faces
ğŸ˜š,Faces
ğŸ˜™,Faces
ğŸ˜‹,Faces
ğŸ˜›,Faces
ğŸ˜œ,Faces
ğŸ˜,Faces
ğŸ¤‘,Faces
ğŸ¤—,Faces
ğŸ¤”,Faces
ğŸ¤,Faces
ğŸ˜,Faces
ğŸ˜‘,Faces
ğŸ˜¶,Faces
ğŸ˜,Faces
ğŸ˜’,Faces
ğŸ™„,Faces
ğŸ˜¬,Faces
ğŸ˜Œ,Faces
ğŸ˜”,Faces
ğŸ˜ª,Faces
ğŸ˜´,Faces
ğŸ˜·,Faces
ğŸ¤’,Faces
ğŸ¤•,Faces
ğŸ˜µ,Faces
ğŸ˜,Faces
ğŸ¤“,Faces
ğŸ˜•,Faces
ğŸ˜Ÿ,Faces
ğŸ™,Faces
â˜¹ï¸,Faces
ğŸ˜®,Faces
ğŸ˜¯,Faces
ğŸ˜²,Faces
ğŸ˜³,Faces
ğŸ˜¦,Faces
ğŸ˜§,Faces
ğŸ˜¨,Faces
ğŸ˜°,Faces
ğŸ˜¥,Faces
ğŸ˜¢,Faces
ğŸ˜­,Faces
ğŸ˜±,Faces
ğŸ˜–,Faces
ğŸ˜£,Faces
ğŸ˜,Faces
ğŸ˜“,Faces
ğŸ˜©,Faces
ğŸ˜«,Faces
ğŸ˜¤,Faces
ğŸ˜¡,Faces
ğŸ˜ ,Faces
ğŸ˜ˆ,Faces
ğŸ‘¿,Faces
ğŸ’€,Special Faces
â˜ ï¸,Special Faces
ğŸ’©,Special Faces
ğŸ‘¹,Special Faces
ğŸ‘º,Special Faces
ğŸ‘»,Special Faces
ğŸ‘½,Special Faces
ğŸ‘¾,Special Faces
ğŸ¤–,Special Faces
ğŸ˜º,Cat Faces
ğŸ˜¸,Cat Faces
ğŸ˜¹,Cat Faces
ğŸ˜»,Cat Faces
ğŸ˜¼,Cat Faces
ğŸ˜½,Cat Faces
ğŸ™€,Cat Faces
ğŸ˜¿,Cat Faces
ğŸ˜¾,Cat Faces
ğŸ™ˆ,Monkey Faces
ğŸ™‰,Monkey Faces
ğŸ™Š,Monkey Faces
ğŸ’‹,Love
ğŸ’Œ,Love
ğŸ’˜,Love
ğŸ’,Love
ğŸ’–,Love
ğŸ’—,Love
ğŸ’“,Love
ğŸ’,Love
ğŸ’•,Love
ğŸ’Ÿ,Love
â£ï¸,Love
ğŸ’”,Love
â¤ï¸,Love
ğŸ’›,Love
ğŸ’š,Love
ğŸ’™,Love
ğŸ’œ,Love
ğŸ’¯,Icons
ğŸ’¢,Icons
ğŸ’¥,Icons
ğŸ’«,Icons
ğŸ’¦,Icons
ğŸ’¨,Icons
ğŸ•³ï¸,Icons
ğŸ’£,Icons
ğŸ’¬,Icons
ğŸ—¯ï¸,Icons
ğŸ’­,Icons
ğŸ’¤,Icons
ğŸ‘‹,Hands
ğŸ–ï¸,Hands
âœ‹,Hands
ğŸ––,Hands
ğŸ‘Œ,Hands
âœŒï¸,Hands
ğŸ¤˜,Hands
ğŸ‘ˆ,Hands
ğŸ‘‰,Hands
ğŸ‘†,Hands
ğŸ–•,Hands
ğŸ‘‡,Hands
â˜ï¸,Hands
ğŸ‘,Hands
ğŸ‘,Hands
âœŠ,Hands
ğŸ‘Š,Hands
ğŸ‘,Hands
ğŸ™Œ,Hands
ğŸ‘,Hands
ğŸ™,Hands
âœï¸,Hands
ğŸ’…,Hands
ğŸ’ª,Humans
ğŸ‘‚,Humans
ğŸ‘ƒ,Humans
ğŸ‘€,Humans
ğŸ‘ï¸,Humans
ğŸ‘…,Humans
ğŸ‘„,Humans
ğŸ‘¶,Human Faces
ğŸ‘¦,Human Faces
ğŸ‘§,Human Faces
ğŸ‘±,Human Faces
ğŸ‘¨,Human Faces
ğŸ‘©,Human Faces
ğŸ‘´,Human Faces
ğŸ‘µ,Human Faces
ğŸ™,Human Faces
ğŸ™,Human Faces
ğŸ™…,Human Faces
ğŸ™†,Human Faces
ğŸ’,Human Faces
ğŸ™‹,Human Faces
ğŸ™‡,Human Faces
ğŸ‘®,Human Faces
ğŸ•µï¸,Human Faces
ğŸ’‚,Human Faces
ğŸ‘·,Human Faces
ğŸ‘¸,Human Faces
ğŸ‘³,Human Faces
ğŸ‘²,Human Faces
ğŸ‘°,Human Faces
ğŸ‘¼,Human Faces
ğŸ…,Human Faces
ğŸ’†,Human Faces
ğŸ’‡,Human Faces
ğŸš¶,Humans
ğŸƒ,Humans
ğŸ’ƒ,Humans
ğŸ•´ï¸,Humans
ğŸ‘¯,Humans
ğŸ‡,Humans
â›·ï¸,Humans
ğŸ‚,Humans
ğŸŒï¸,Humans
ğŸ„,Humans
ğŸš£,Humans
ğŸŠ,Humans
â›¹ï¸,Humans
ğŸ‹ï¸,Humans
ğŸš´,Humans
ğŸšµ,Humans
ğŸ›€,Humans
ğŸ›Œ,Humans
ğŸ‘­,Humans
ğŸ‘«,Humans
ğŸ‘¬,Humans
ğŸ’,Humans
ğŸ’‘,Humans
ğŸ‘ª,Humans
ğŸ—£ï¸,Humans
ğŸ‘¤,Humans
ğŸ‘¥,Humans
ğŸ‘£,Humans
ğŸµ,Mammals
ğŸ’,Mammals
ğŸ¶,Mammals
ğŸ•,Mammals
ğŸ©,Mammals
ğŸº,Mammals
ğŸ±,Mammals
ğŸˆ,Mammals
ğŸ¦,Mammals
ğŸ¯,Mammals
ğŸ…,Mammals
ğŸ†,Mammals
ğŸ´,Mammals
ğŸ,Mammals
ğŸ¦„,Mammals
ğŸ®,Mammals
ğŸ‚,Mammals
ğŸƒ,Mammals
ğŸ„,Mammals
ğŸ·,Mammals
ğŸ–,Mammals
ğŸ—,Mammals
ğŸ½,Mammals
ğŸ,Mammals
ğŸ‘,Mammals
ğŸ,Mammals
ğŸª,Mammals
ğŸ«,Mammals
ğŸ˜,Mammals
ğŸ­,Mammals
ğŸ,Mammals
ğŸ€,Mammals
ğŸ¹,Mammals
ğŸ°,Mammals
ğŸ‡,Mammals
ğŸ¿ï¸,Mammals
ğŸ»,Mammals
ğŸ¨,Mammals
ğŸ¼,Mammals
ğŸ¾,Mammals
ğŸ¦ƒ,Birds
ğŸ”,Birds
ğŸ“,Birds
ğŸ£,Birds
ğŸ¤,Birds
ğŸ¥,Birds
ğŸ¦,Birds
ğŸ§,Birds
ğŸ•Šï¸,Birds
ğŸ¸,Reptiles
ğŸŠ,Reptiles
ğŸ¢,Reptiles
ğŸ,Reptiles
ğŸ²,Reptiles
ğŸ‰,Reptiles
ğŸ³,Sea Life
ğŸ‹,Sea Life
ğŸ¬,Sea Life
ğŸŸ,Sea Life
ğŸ ,Sea Life
ğŸ¡,Sea Life
ğŸ™,Sea Life
ğŸš,Sea Life
ğŸŒ,Insects
ğŸ›,Insects
ğŸœ,Insects
ğŸ,Insects
ğŸ,Insects
ğŸ•·ï¸,Insects
ğŸ•¸ï¸,Insects
ğŸ¦‚,Insects
ğŸ’,Flowers
ğŸŒ¸,Flowers
ğŸ’®,Flowers
ğŸµï¸,Flowers
ğŸŒ¹,Flowers
ğŸŒº,Flowers
ğŸŒ»,Flowers
ğŸŒ¼,Flowers
ğŸŒ·,Flowers
ğŸŒ±,Trees
ğŸŒ²,Trees
ğŸŒ³,Trees
ğŸŒ´,Trees
ğŸŒµ,Trees
ğŸŒ¾,Flowers
ğŸŒ¿,Flowers
â˜˜ï¸,Flowers
ğŸ€,Flowers
ğŸ,Trees
ğŸ‚,Trees
ğŸƒ,Trees
ğŸ‡,Fruits
ğŸˆ,Fruits
ğŸ‰,Fruits
ğŸŠ,Fruits
ğŸ‹,Fruits
ğŸŒ,Fruits
ğŸ,Fruits
ğŸ,Fruits
ğŸ,Fruits
ğŸ,Fruits
ğŸ‘,Fruits
ğŸ’,Fruits
ğŸ“,Fruits
ğŸ…,Fruits
ğŸ†,Food
ğŸŒ½,Food
ğŸŒ¶ï¸,Food
ğŸ„,Food
ğŸŒ°,Food
ğŸ,Food
ğŸ§€,Food
ğŸ–,Food
ğŸ—,Food
ğŸ”,Food
ğŸŸ,Food
ğŸ•,Food
ğŸŒ­,Food
ğŸŒ®,Food
ğŸŒ¯,Food
ğŸ³,Food
ğŸ²,Food
ğŸ¿,Food
ğŸ±,Food
ğŸ˜,Food
ğŸ™,Food
ğŸš,Food
ğŸ›,Food
ğŸœ,Food
ğŸ,Food
ğŸ ,Food
ğŸ¢,Food
ğŸ£,Food
ğŸ¤,Food
ğŸ¥,Food
ğŸ¡,Food
ğŸ¦€,Sea Life
ğŸ¦,Deserts
ğŸ§,Deserts
ğŸ¨,Deserts
ğŸ©,Deserts
ğŸª,Deserts
ğŸ‚,Deserts
ğŸ°,Deserts
ğŸ«,Deserts
ğŸ¬,Deserts
ğŸ­,Deserts
ğŸ®,Deserts
ğŸ¯,Deserts
ğŸ¼,Beverages
â˜•,Beverages
ğŸµ,Beverages
ğŸ¶,Beverages
ğŸ¾,Beverages
ğŸ·,Beverages
ğŸ¸,Beverages
ğŸ¹,Beverages
ğŸº,Beverages
ğŸ»,Beverages
ğŸ½ï¸,Kitchen
ğŸ´,Kitchen
ğŸ”ª,Kitchen
ğŸº,Kitchen
ğŸŒ,World
ğŸŒ,World
ğŸŒ,World
ğŸŒ,World
ğŸ—ºï¸,World
ğŸ—¾,World
ğŸ”ï¸,World
â›°ï¸,World
ğŸŒ‹,World
ğŸ—»,World
ğŸ•ï¸,World
ğŸ–ï¸,World
ğŸœï¸,World
ğŸï¸,World
ğŸï¸,World
ğŸŸï¸,Buildings
ğŸ›ï¸,Buildings
ğŸ—ï¸,Buildings
ğŸ˜ï¸,Buildings
ğŸšï¸,Buildings
ğŸ ,Buildings
ğŸ¡,Buildings
ğŸ¢,Buildings
ğŸ£,Buildings
ğŸ¤,Buildings
ğŸ¥,Buildings
ğŸ¦,Buildings
ğŸ¨,Buildings
ğŸ©,Buildings
ğŸª,Buildings
ğŸ«,Buildings
ğŸ¬,Buildings
ğŸ­,Buildings
ğŸ¯,Buildings
ğŸ°,Buildings
ğŸ’’,Buildings
ğŸ—¼,Buildings
ğŸ—½,Buildings
â›ª,Buildings
ğŸ•Œ,Buildings
ğŸ•,Buildings
â›©ï¸,Buildings
ğŸ•‹,Buildings
â›²,Buildings
â›º,Buildings
ğŸŒ,Climates
ğŸŒƒ,Climates
ğŸ™ï¸,Climates
ğŸŒ„,Climates
ğŸŒ…,Climates
ğŸŒ†,Climates
ğŸŒ‡,Climates
ğŸŒ‰,Buildings
â™¨ï¸,Buildings
ğŸ ,Buildings
ğŸ¡,Buildings
ğŸ¢,Buildings
ğŸ’ˆ,Buildings
ğŸª,Buildings
ğŸš‚,Trains
ğŸšƒ,Trains
ğŸš„,Trains
ğŸš…,Trains
ğŸš†,Trains
ğŸš‡,Trains
ğŸšˆ,Trains
ğŸš‰,Trains
ğŸšŠ,Trains
ğŸš,Trains
ğŸš,Trains
ğŸš‹,Vehicles
ğŸšŒ,Vehicles
ğŸš,Vehicles
ğŸš,Vehicles
ğŸš,Vehicles
ğŸš‘,Vehicles
ğŸš’,Vehicles
ğŸš“,Vehicles
ğŸš”,Vehicles
ğŸš•,Vehicles
ğŸš–,Vehicles
ğŸš—,Vehicles
ğŸš˜,Vehicles
ğŸš™,Vehicles
ğŸšš,Vehicles
ğŸš›,Vehicles
ğŸšœ,Vehicles
ğŸï¸,Vehicles
ğŸï¸,Vehicles
ğŸš²,Vehicles
ğŸš,Vehicles
ğŸ›£ï¸,Vehicles
ğŸ›¤ï¸,Vehicles
ğŸ›¢ï¸,Trains
â›½,Vehicles
ğŸš¨,Signaling
ğŸš¥,Signaling
ğŸš¦,Signaling
ğŸš§,Signaling
âš“,Sail
â›µ,Sail
ğŸš¤,Sail
ğŸ›³ï¸,Sail
â›´ï¸,Sail
ğŸ›¥ï¸,Sail
ğŸš¢,Sail
âœˆï¸,Air Vehicles
ğŸ›©ï¸,Air Vehicles
ğŸ›«,Air Vehicles
ğŸ›¬,Air Vehicles
ğŸ’º,Air Vehicles
ğŸš,Air Vehicles
ğŸšŸ,Vehicles
ğŸš ,Vehicles
ğŸš¡,Vehicles
ğŸ›°ï¸,Space
ğŸš€,Space
ğŸ›ï¸,Signaling
âŒ›,Clocks
â³,Clocks
âŒš,Clocks
â°,Clocks
â±ï¸,Clocks
â²ï¸,Clocks
ğŸ•°ï¸,Clocks
ğŸ•›,Time
ğŸ•§,Time
ğŸ•,Time
ğŸ•œ,Time
ğŸ•‘,Time
ğŸ•,Time
ğŸ•’,Time
ğŸ•,Time
ğŸ•“,Time
ğŸ•Ÿ,Time
ğŸ•”,Time
ğŸ• ,Time
ğŸ••,Time
ğŸ•¡,Time
ğŸ•–,Time
ğŸ•¢,Time
ğŸ•—,Time
ğŸ•£,Time
ğŸ•˜,Time
ğŸ•¤,Time
ğŸ•™,Time
ğŸ•¥,Time
ğŸ•š,Time
ğŸ•¦,Time
ğŸŒ‘,Space
ğŸŒ’,Space
ğŸŒ“,Space
ğŸŒ”,Space
ğŸŒ•,Space
ğŸŒ–,Space
ğŸŒ—,Space
ğŸŒ˜,Space
ğŸŒ™,Space
ğŸŒš,Space
ğŸŒ›,Space
ğŸŒœ,Space
ğŸŒ¡ï¸,Space
â˜€ï¸,Space
ğŸŒ,Space
ğŸŒ,Space
â­,Space
ğŸŒŸ,Space
ğŸŒ ,Space
ğŸŒŒ,Space
â˜ï¸,Climates
â›…,Climates
â›ˆï¸,Climates
ğŸŒ¤ï¸,Climates
ğŸŒ¥ï¸,Climates
ğŸŒ¦ï¸,Climates
ğŸŒ§ï¸,Climates
ğŸŒ¨ï¸,Climates
ğŸŒ©ï¸,Climates
ğŸŒªï¸,Climates
ğŸŒ«ï¸,Climates
ğŸŒ¬ï¸,Climates
ğŸŒ€,Climates
ğŸŒˆ,Climates
ğŸŒ‚,Umbrella
â˜‚ï¸,Umbrella
â˜”,Umbrella
â›±ï¸,Umbrella
âš¡,Elements
â„ï¸,Elements
â˜ƒï¸,Climates
â›„,Climates
â˜„ï¸,Space
ğŸ”¥,Elements
ğŸ’§,Elements
ğŸŒŠ,Elements
ğŸƒ,Party
ğŸ„,Party
ğŸ†,Party
ğŸ‡,Party
âœ¨,Party
ğŸˆ,Party
ğŸ‰,Party
ğŸŠ,Party
ğŸ‹,Decoration
ğŸ,Decoration
ğŸ,Decoration
ğŸ,Decoration
ğŸ,Decoration
ğŸ‘,Decoration
ğŸ€,Decoration
ğŸ,Decoration
ğŸ—ï¸,Decoration
ğŸŸï¸,Decoration
ğŸ«,Decoration
ğŸ–ï¸,Decoration
ğŸ†,Decoration
ğŸ…,Decoration
âš½,Sports
âš¾,Sports
ğŸ€,Sports
ğŸ,Sports
ğŸˆ,Sports
ğŸ‰,Sports
ğŸ¾,Sports
ğŸ³,Sports
ğŸ,Sports
ğŸ‘,Sports
ğŸ’,Sports
ğŸ“,Sports
ğŸ¸,Sports
â›³,Sports
â›¸ï¸,Sports
ğŸ£,Sports
ğŸ½,Sports
ğŸ¿,Sports
ğŸ¯,Sports
ğŸ±,Sports
ğŸ”®,Rituals
ğŸ®,Technology
ğŸ•¹ï¸,Technology
ğŸ°,Technology
ğŸ²,Technology
â™ ï¸,Decoration
â™¥ï¸,Decoration
â™¦ï¸,Decoration
â™£ï¸,Decoration
ğŸƒ,Decoration
ğŸ€„,Decoration
ğŸ´,Decoration
ğŸ­,Decoration
ğŸ–¼ï¸,Decoration
ğŸ¨,Fashion
ğŸ‘“,Fashion
ğŸ•¶ï¸,Fashion
ğŸ‘”,Fashion
ğŸ‘•,Fashion
ğŸ‘–,Fashion
ğŸ‘—,Fashion
ğŸ‘˜,Fashion
ğŸ‘™,Fashion
ğŸ‘š,Fashion
ğŸ‘›,Fashion
ğŸ‘œ,Fashion
ğŸ‘,Fashion
ğŸ›ï¸,Fashion
ğŸ’,Fashion
ğŸ‘,Fashion
ğŸ‘Ÿ,Fashion
ğŸ‘ ,Fashion
ğŸ‘¡,Fashion
ğŸ‘¢,Fashion
ğŸ‘‘,Fashion
ğŸ‘’,Fashion
ğŸ©,Fashion
ğŸ“,Fashion
â›‘ï¸,Fashion
ğŸ“¿,Fashion
ğŸ’„,Fashion
ğŸ’,Fashion
ğŸ’,Fashion
ğŸ”‡,Sound
ğŸ”ˆ,Sound
ğŸ”‰,Sound
ğŸ”Š,Sound
ğŸ“¢,Sound
ğŸ“£,Sound
ğŸ“¯,Sound
ğŸ””,Sound
ğŸ”•,Sound
ğŸ¼,Sound
ğŸµ,Sound
ğŸ¶,Sound
ğŸ™ï¸,Sound
ğŸšï¸,Sound
ğŸ›ï¸,Sound
ğŸ¤,Sound
ğŸ§,Sound
ğŸ“»,Sound
ğŸ·,Sound
ğŸ¸,Sound
ğŸ¹,Sound
ğŸº,Sound
ğŸ»,Sound
ğŸ“±,Technology
ğŸ“²,Technology
â˜ï¸,Technology
ğŸ“,Technology
ğŸ“Ÿ,Technology
ğŸ“ ,Technology
ğŸ”‹,Technology
ğŸ”Œ,Technology
ğŸ’»,Technology
ğŸ–¥ï¸,Technology
ğŸ–¨ï¸,Technology
âŒ¨ï¸,Technology
ğŸ–±ï¸,Technology
ğŸ–²ï¸,Technology
ğŸ’½,Technology
ğŸ’¾,Technology
ğŸ’¿,Technology
ğŸ“€,Technology
ğŸ¥,Technology
ğŸï¸,Technology
ğŸ“½ï¸,Technology
ğŸ¬,Technology
ğŸ“º,Technology
ğŸ“·,Technology
ğŸ“¸,Technology
ğŸ“¹,Technology
ğŸ“¼,Technology
ğŸ”,Technology
ğŸ”,Technology
ğŸ•¯ï¸,Technology
ğŸ’¡,Technology
ğŸ”¦,Technology
ğŸ®,Decoration
ğŸ“”,Books
ğŸ“•,Books
ğŸ“–,Books
ğŸ“—,Books
ğŸ“˜,Books
ğŸ“™,Books
ğŸ“š,Books
ğŸ““,Books
ğŸ“’,Books
ğŸ“ƒ,Books
ğŸ“œ,Books
ğŸ“„,Books
ğŸ“°,Books
ğŸ—ï¸,Books
ğŸ“‘,Books
ğŸ”–,Books
ğŸ·ï¸,Books
ğŸ’°,Money
ğŸ’´,Money
ğŸ’µ,Money
ğŸ’¶,Money
ğŸ’·,Money
ğŸ’¸,Money
ğŸ’³,Money
ğŸ’¹,Money
âœ‰ï¸,Mail
ğŸ“§,Mail
ğŸ“¨,Mail
ğŸ“©,Mail
ğŸ“¤,Mail
ğŸ“¥,Mail
ğŸ“¦,Mail
ğŸ“«,Mail
ğŸ“ª,Mail
ğŸ“¬,Mail
ğŸ“­,Mail
ğŸ“®,Mail
ğŸ—³ï¸,Mail
âœï¸,Office
âœ’ï¸,Office
ğŸ–‹ï¸,Office
ğŸ–Šï¸,Office
ğŸ–Œï¸,Office
ğŸ–ï¸,Office
ğŸ“,Office
ğŸ’¼,Office
ğŸ“,Office
ğŸ“‚,Office
ğŸ—‚ï¸,Office
ğŸ“…,Office
ğŸ“†,Office
ğŸ—’ï¸,Office
ğŸ—“ï¸,Office
ğŸ“‡,Office
ğŸ“ˆ,Office
ğŸ“‰,Office
ğŸ“Š,Office
ğŸ“‹,Office
ğŸ“Œ,Office
ğŸ“,Office
ğŸ“,Office
ğŸ–‡ï¸,Office
ğŸ“,Office
ğŸ“,Office
âœ‚ï¸,Office
ğŸ—ƒï¸,Office
ğŸ—„ï¸,Office
ğŸ—‘ï¸,Office
ğŸ”’,Security
ğŸ”“,Security
ğŸ”,Security
ğŸ”,Security
ğŸ”‘,Security
ğŸ—ï¸,Security
ğŸ”¨,Tools
â›ï¸,Tools
âš’ï¸,Tools
ğŸ› ï¸,Tools
ğŸ—¡ï¸,Tools
âš”ï¸,Tools
ğŸ”«,Tools
ğŸ¹,Tools
ğŸ›¡ï¸,Tools
ğŸ”§,Tools
ğŸ”©,Tools
âš™ï¸,Tools
ğŸ—œï¸,Tools
âš–ï¸,Tools
ğŸ”—,Tools
â›“ï¸,Tools
âš—ï¸,Tools
ğŸ”¬,Tools
ğŸ”­,Tools
ğŸ“¡,Tools
ğŸ’‰,Tools
ğŸ’Š,Tools
ğŸšª,House
ğŸ›ï¸,House
ğŸ›‹ï¸,House
ğŸš½,House
ğŸš¿,House
ğŸ›,House
ğŸš¬,House
âš°ï¸,Rituals
âš±ï¸,Rituals
ğŸ—¿,Rituals
ğŸ§,Money
ğŸš®,Signs
ğŸš°,Signs
â™¿,Signs
ğŸš¹,Signs
ğŸšº,Signs
ğŸš»,Signs
ğŸš¼,Signs
ğŸš¾,Signs
ğŸ›‚,Signs
ğŸ›ƒ,Signs
ğŸ›„,Signs
ğŸ›…,Signs
âš ï¸,Trafic Signs
ğŸš¸,Trafic Signs
â›”,Trafic Signs
ğŸš«,Trafic Signs
ğŸš³,Trafic Signs
ğŸš­,Trafic Signs
ğŸš¯,Trafic Signs
ğŸš±,Trafic Signs
ğŸš·,Trafic Signs
ğŸ“µ,Trafic Signs
ğŸ”,Trafic Signs
â˜¢ï¸,Signs
â˜£ï¸,Signs
â¬†ï¸,Arrows
â†—ï¸,Arrows
â¡ï¸,Arrows
â†˜ï¸,Arrows
â¬‡ï¸,Arrows
â†™ï¸,Arrows
â¬…ï¸,Arrows
â†–ï¸,Arrows
â†•ï¸,Arrows
â†”ï¸,Arrows
â†©ï¸,Arrows
â†ªï¸,Arrows
â¤´ï¸,Arrows
â¤µï¸,Arrows
ğŸ”ƒ,Arrows
ğŸ”„,Arrows
ğŸ”™,Arrows
ğŸ”š,Arrows
ğŸ”›,Arrows
ğŸ”œ,Arrows
ğŸ”,Arrows
ğŸ›,Symbols
âš›ï¸,Symbols
ğŸ•‰ï¸,Symbols
âœ¡ï¸,Symbols
â˜¸ï¸,Symbols
â˜¯ï¸,Symbols
âœï¸,Symbols
â˜¦ï¸,Symbols
â˜ªï¸,Symbols
â˜®ï¸,Symbols
ğŸ•,Symbols
ğŸ”¯,Symbols
â™ˆ,Symbols
â™‰,Symbols
â™Š,Symbols
â™‹,Symbols
â™Œ,Symbols
â™,Symbols
â™,Symbols
â™,Symbols
â™,Symbols
â™‘,Symbols
â™’,Symbols
â™“,Symbols
â›,Symbols
ğŸ”€,Buttons
ğŸ”,Buttons
ğŸ”‚,Buttons
â–¶ï¸,Buttons
â©,Buttons
â­ï¸,Buttons
â¯ï¸,Buttons
â—€ï¸,Buttons
âª,Buttons
â®ï¸,Buttons
ğŸ”¼,Buttons
â«,Buttons
ğŸ”½,Buttons
â¬,Buttons
â¸ï¸,Buttons
â¹ï¸,Buttons
âºï¸,Buttons
âï¸,Buttons
ğŸ¦,Buttons
ğŸ”…,Buttons
ğŸ”†,Buttons
ğŸ“¶,Buttons
ğŸ“³,Buttons
ğŸ“´,Buttons
âœ–ï¸,Symbols
â•,Symbols
â–,Symbols
â—,Symbols
â€¼ï¸,Symbols
â‰ï¸,Symbols
â“,Symbols
â”,Symbols
â•,Symbols
â—,Symbols
ã€°ï¸,Symbols
ğŸ’±,Symbols
ğŸ’²,Money
â™»ï¸,Symbols
âšœï¸,Symbols
ğŸ”±,Symbols
ğŸ“›,Symbols
ğŸ”°,Symbols
â­•,Judgement
âœ…,Judgement
â˜‘ï¸,Judgement
âœ”ï¸,Judgement
âŒ,Judgement
â,Judgement
â°,Symbols
â¿,Symbols
ã€½ï¸,Symbols
âœ³ï¸,Symbols
âœ´ï¸,Symbols
â‡ï¸,Symbols
Â©ï¸,Symbols
Â®ï¸,Symbols
â„¢ï¸,Symbols
ğŸ”Ÿ,Buttons
ğŸ” ,Buttons
ğŸ”¡,Buttons
ğŸ”¢,Buttons
ğŸ”£,Buttons
ğŸ”¤,Buttons
ğŸ…°ï¸,Symbols
ğŸ†,Symbols
ğŸ…±ï¸,Symbols
ğŸ†‘,Symbols
ğŸ†’,Buttons
ğŸ†“,Buttons
â„¹ï¸,Symbols
ğŸ†”,Buttons
â“‚ï¸,Symbols
ğŸ†•,Buttons
ğŸ†–,Buttons
ğŸ…¾ï¸,Buttons
ğŸ†—,Buttons
ğŸ…¿ï¸,Buttons
ğŸ†˜,Buttons
ğŸ†™,Buttons
ğŸ†š,Buttons
ğŸˆ,Japanese Symbols
ğŸˆ‚ï¸,Japanese Symbols
ğŸˆ·ï¸,Japanese Symbols
ğŸˆ¶,Japanese Symbols
ğŸˆ¯,Japanese Symbols
ğŸ‰,Japanese Symbols
ğŸˆ¹,Japanese Symbols
ğŸˆš,Japanese Symbols
ğŸˆ²,Japanese Symbols
ğŸ‰‘,Japanese Symbols
ğŸˆ¸,Japanese Symbols
ğŸˆ´,Japanese Symbols
ğŸˆ³,Japanese Symbols
ãŠ—ï¸,Japanese Symbols
ãŠ™ï¸,Japanese Symbols
ğŸˆº,Japanese Symbols
ğŸˆµ,Japanese Symbols
ğŸ”´,Geometry
ğŸ”µ,Geometry
âš«,Geometry
âšª,Geometry
â¬›,Geometry
â¬œ,Geometry
â—¼ï¸,Geometry
â—»ï¸,Geometry
â—¾,Geometry
â—½,Geometry
â–ªï¸,Geometry
â–«ï¸,Geometry
ğŸ”¶,Geometry
ğŸ”·,Geometry
ğŸ”¸,Geometry
ğŸ”¹,Geometry
ğŸ”º,Geometry
ğŸ”»,Geometry
ğŸ’ ,Geometry
ğŸ”˜,Geometry
ğŸ”³,Geometry
ğŸ”²,Geometry
ğŸ,Flags
ğŸš©,Flags
ğŸŒ,Flags
ğŸ´,Flags
ğŸ³ï¸,Flags
